title,preview
NASA's Mars 2020 Comes Full Circle,"Aiming to pinpoint the Martian vehicle's center of gravity, engineers took NASA's 2,300-pound Mars 2020 rover for a spin in the clean room at JPL."
NASA's Perseverance Rover Is Midway to Mars ,Sometimes half measures can be a good thing – especially on a journey this long. The agency's latest rover only has about 146 million miles left to reach its destination.
Three New Views of Mars' Moon Phobos,"Taken with the infrared camera aboard NASA's Odyssey orbiter, they reveal temperature variations on the small moon as it drifts into and out of Mars’ shadow."
"What's Mars Solar Conjunction, and Why Does It Matter?","NASA spacecraft at Mars are going to be on their own for a few weeks when the Sun comes between Mars and Earth, interrupting communications."
3 Things We've Learned From NASA's Mars InSight ,Scientists are finding new mysteries since the geophysics mission landed two years ago.
NASA's Perseverance Rover Will Carry First Spacesuit Materials to Mars,"In a Q&A, spacesuit designer Amy Ross explains how five samples, including a piece of helmet visor, will be tested aboard the rover, which is targeting a July 30 launch."
Mars Scientists Investigate Ancient Life in Australia,Teams with NASA's Mars 2020 and ESA's ExoMars practiced hunting for fossilized microbial life in the Australian Outback in preparation for their Red Planet missions.
NASA's Perseverance Rover Bringing 3D-Printed Metal Parts to Mars,"For hobbyists and makers, 3D printing expands creative possibilities; for specialized engineers, it's also key to next-generation spacecraft design."
"With Mars Methane Mystery Unsolved, Curiosity Serves Scientists a New One: Oxygen","For the first time in the history of space exploration, scientists have measured the seasonal changes in the gases that fill the air directly above the surface of Gale Crater on Mars."
NASA's Treasure Map for Water Ice on Mars,"A new study identifies frozen water just below the Martian surface, where astronauts could easily dig it up."
HiRISE Views NASA's InSight and Curiosity on Mars,New images taken from space offer the clearest orbital glimpse yet of InSight as well as a view of Curiosity rolling along.
NASA's Perseverance Rover Will Peer Beneath Mars' Surface ,The agency's newest rover will use the first ground-penetrating radar instrument on the Martian surface to help search for signs of past microbial life.
Independent Review Indicates NASA Prepared for Mars Sample Return Campaign,NASA released an independent review report Tuesday indicating the agency is well positioned for its Mars Sample Return campaign to bring pristine samples from Mars to Earth for scientific study.
NASA Invites Public to Share Excitement of Mars 2020 Perseverance Rover Launch,"There are lots of ways to participate in the historic event, which is targeted for July 30."
NASA InSight's 'Mole' Is Out of Sight,"Now that the heat probe is just below the Martian surface, InSight's arm will scoop some additional soil on top to help it keep digging so it can take Mars' temperature."
